Animal Fair Toys,Stuffed Animals
Pens,Pens
Sunglasses,Sunglasses
Wristbands,Miscellaneous
Lanyards,Lanyards
Badge Holders,Badge Holders
Travel / Personal Care,Personal-Healthcare
Bags,Bags
Tools,Tools
Stress Relievers,Stress Relievers
Awareness,Safety
Schwarzwolf Outdoor,Outdoors
Safety Glasses,Safety
Pens,Pens
Adhesive Notes,Peel N Stick
Desk / Home / Office,Desk Accessories
Magnifiers,Miscellaneous
Housewares,Home Accessories
Highlighters / Markers,Highlighters
Health and Beauty,Spa
Foam,Stuffed Animals
Flyers / Sports,Sports-Outdoor
Flip Flops,Unisex
Flashlights / Lights,Flashlights
Drinkware,Mugs-Drinkware
Computer Accessories,Accessories
Carabiners,Outdoors
Die Cast Vehicles,Table Games
Professional Gallery,Business Supplies
Tech,Tech-Electronics
Pet Accessories,Pet Products
Balls / Inflatables,Balls
Clearance,Key Chains
