Women's,Womens
Totes,Totes
Essential Styles,Womens
Backpacks,Backpacks
Gifts,Gifts
Technology,
Brands,
Essential Styles,
Living Green,
New Products,
Kid-friendly,
Coolers,Coolers
Vertex Technical Series,
Clearance,
Business Bags,Bags
Team,
Business Accessories,Desk Accessories
Equity,
Travel,
Mobile Tech,Mobile Accessories
Duffels,Duffel-Rolling
Life in Motion,
Tablet Accessories,Accessories
Padfolios/e-Padfolios,Padfolios
Elements,
Writing Instruments,Pens-Writing Instruments
Trends,
Travis & Wells Leather,
Drinkware,Mugs-Drinkware
Stationery,Supplies
Contour,
Icon,
Portfolios,
