Acrylic (Drinkware),Mugs-Drinkware
Aluminum Sport Bottles (Drinkware),Mugs-Drinkware
Auto Accessories (Safety & Auto),Auto Accessories
Auto Safety (Safety & Auto),Auto Accessories
Backpacks (Backpacks),Backpack
Ballpoint Pens (Metal Pens),Pens
Bbq & Picnic (Outdoor Living),Patio
Beach Towels (Towels),Blankets-Towels
Binoculars (Outdoor Living),Other
Blanket (Blankets),Blankets-Towels
Bound (Journalbooks),Journals
Branded Pens (Metal Pens),Pens
Business Cases (Business Cases),Bags-Cases
Cases & Accessories (Technology),Accessories
Ceramics (Drinkware),Ceramic
Cinches (Backpacks),Drawstring
Compu-Backpacks (Backpacks),Backpack
Compu-Cases (Business Cases),Bags-Cases
Compu-Messenger Bags (Business Cases),Bags-Cases
Computer Accessories (Technology),Accessories
Cotton Totes (Totes),Grocery
Desktop Accessories And Sets (Desktop),Desk Accessories
Desktop Essentials (Desktop),Desk Accessories
Desktop Games (Games),Desk Accessories
Digital Photos (Technology),Accessories
Drinkware Sets (Drinkware),Mugs-Drinkware
Dynamo Lights (Flashlights),Flashlights
Ecosmart Totes (Totes),Eco-Preferable
Electronics & Clocks (Desktop),Desk Accessories
Emergency & Safety Lights (Flashlights),Flashlights
Event Coolers (Coolers),Coolers
Everyday Lights (Flashlights),Flashlights
Excursion (Outdoor Living),Other
Executive Duffels (Duffels),Duffel-Rolling
Fashion Umbrellas (Umbrellas),Personal Umbrellas
Fitness (Personal Wellness),Healthcare
Folding Umbrellas (Umbrellas),Personal Umbrellas
Food Storage (Housewares),Home Accessories
Glassware (Drinkware),Glassware-Barware
Golf (Travel & Golf),Golf
Golf Towels (Towels),Blankets-Towels
Golf Umbrellas (Umbrellas),Golf Umbrellas
Home Games (Games),Table Games
Insulated Bottles (Drinkware),Thermos
Jotters (Stationery),Journals
Journals (Stationery),Journals
"Keychains (Keychains, Keylights & Carabiners)",Key Chains
"Keylights (Keychains, Keylights & Carabiners)",Key Chains
Luggage & Id Tags (Travel Gifts),Holiday
Luggage (Travel & Golf),Golf
Luggage Tags (Travel Gifts),Holiday
Lunch Coolers (Coolers),Coolers
Messenger Bags (Business Cases),Messenger
Metal Stylus Pens (Metal Pens),Pens
Mugs & Tumblers (Drinkware),Mugs-Tumblers
Music & Media (Technology),Speakers
Non-Woven Totes (Totes),Totes
Notebooks (Stationery),Notebooks
Outdoor Events (Outdoor Living),Other
Outdoor Games (Games),Outdoor Games
Padfolios & Writing Pads (Stationery),Padfolios
Padfolios (Stationery),Padfolios
Pen Sets (Metal Pens),Sets
Personal Safety (Safety & Auto),Auto Accessories
Personal Travel (Travel Gifts),Holiday
Plastic Sport Bottles (Drinkware),Plastic
Plastic Stylus Pens (Plastic Pens),Pens
Power And Chargers (Technology),Chargers
Rally & Sport Towels (Towels),Blankets-Towels
Refillable (Journalbooks),Journals
Ringbinders (Stationery),Padfolios
Roller Ball Pens (Metal Pens),Pens
Scripto Plastic Pens (Plastic Pens),Pens
Slings (Backpacks),Backpack
Speakers (Technology),Speakers
Specialty Lights (Flashlights),Flashlights
Spiral (Journalbooks),Journals
Sport Duffels (Duffels),Duffel-Rolling
Stainless Sport Bottles (Drinkware),Stainless Steel
Tabletop & Serving (Housewares),Home Accessories
Technology Sets (Technology),Tech-Electronics
Tools (Tools & Lighters),Tools
Totes (Totes),Totes
Travel Accessories (Travel Gifts),Holiday
Travel Sets (Travel Gifts),Holiday
Travel Wallets (Travel Gifts),Holiday
Usb Memory (Memory),USB
Utility Kits (Travel & Golf),Golf
Value Pens And Highlighters (Plastic Pens),Pens
Wheeled Business Cases (Business Cases),Duffel-Rolling
Wheeled Duffels (Travel & Golf),Duffel-Rolling
Wine & Cheese Collection (Housewares),Home Accessories
Womens Totes (Totes),Totes
Zippo Lighters (Tools & Lighters),Tools
