Appearance Accessories,Accessories
Auto Accessories,Auto Accessories
BBQ Sets,Patio
Backpacks and Slings,Backpack
Badge Holders,Badge Holders
Ballpoint Pens,Pens
Bar Accessories,Bar
Blankets,Blankets-Towels
Bottle Holders,Bar
Bottle Openers,Bar
Bracelet Watches,Watches
Briefcases,Briefcases
Business Card Holders,Business Card Holders
Calculators,Calculators
Calendars,Calendars
Camping Items,Camping
Carabiners,Other
Classic Watches,Watches
Clip Pocket Watches,Watches
Clocks with Photo Frames,Clocks
Coasters,Bar
Computer Accessories,Accessories
Computer Cases,Bags-Cases
Coolers,Coolers
Crystal Awards,Awards
Decision Makers,Awards
Desk Clocks,Clocks
Desk and Office Accessories,Desk Accessories
Duffel Bags,Duffel-Rolling
Emergency Kits,First Aid
Energy Savings,Miscellaneous
Executive Drinkware,Mugs-Drinkware
Executive Games,Executive Games
Fashion Watches,Watches
Flashlights,Flashlights
Gift Sets,Gift Sets
Gift Tins,Gift Sets
Golf Gifts,Golf
Hand Tools,Tools
Health and Fitness,Fitness
High Tech Watches,Watches
Highlighters,Highlighters
Household Items,Home Accessories
Junior Padfolios,Padfolios
Key Rings,Key Chains
Knives,Tools
Laser Pointers,Business Supplies
Leather Bags,Bags
Letter Openers,Business Supplies
Letter Padfolios,Padfolios
Light Pens,Pens
Luggage,Bags
Luggage Tags,Luggage Tags
MP3 Accessories,MP3 Players
Magnifiers,Accessories
Memo Holders,Notebooks
Metal and Wood Awards,Awards
Mini Padfolios,Padfolios
Mini Tool Sets,Tool Kits
Mini Tools,Tool Kits
Mobile Phone Holders,Holders
Money Clips,Accessories
Mugs,Mugs-Drinkware
Multi-Function Pens,Pens
PDAs,Tech-Electronics
Paper Weights,Business Supplies
Pen Packaging,Sets
Pen Sets,Sets
Pen Stands and Holders,Sets
Pencils,Pencils
Perpetual Calendars,Calendars
Photo Frames,Digital Frames
Picnic,Outdoors
Radios,AM-FM Radios
Recyclable,
Recycled,
Refrigerators,
Reusable,
Rollerball Ballpoint Sets,Sets
Rollerball Pens,Pens
Rolling Bags,Duffel-Rolling
Shoulder Bags,Messenger
Sport Watches,Watches
Sustainable,
Tape Measures,Tools
Tool Sets,Tools
Tote and Shoppers,Totes
Towels,Blankets-Towels
Travel Accessories,Accessories
Travel Clocks,Clocks
Tumblers,Mugs-Tumblers
USB Drives,USB
Wallets and Money Clips,
Watch Clocks,Clocks
Water Bottles and Flasks,Water Bottles
Weather Stations,AM-FM Radios
Wine Accessories,Bar
World Time Clocks,Clocks
Zip Padfolios,Padfolios
