main_color,px_color1,px_color2,px_color3
*do Not Use*,,,
4 Color Process,,,
4-Color Process,,,
Admiral Blue/brown,,,
Admiral Blue/cocoa,,,
Apple Green,,,
B,,,
Batik,,,
Batik Blue,,,
Big Dot Black & White,,,
Blac,,,
Black,,,
Black Bag 3290 With Black Blanket,,,
Black Bag And Pedometer With Black Exercise Band,,,
Black Bag And Pedometer With Blue Exercise Band,,,
Black Bag W/black Handles,,,
Black Bag W/green Handles,,,
Black Bag W/light Blue Handles,,,
Black Bag W/lime Green Handles,,,
Black Bag W/orange Handles,,,
Black Bag W/pink Handles,,,
Black Bag W/pur,,,
Black Bag W/purple Handles,,,
Black Bag W/r,,,
Black Bag W/red Handles,,,
Black Bag W/teal Hand,,,
Black Bag W/yellow Handles,,,
Black Bag With Black Blanket,,,
Black Bag With Burgundy Blanket,,,
Black Bag With Heather Blanket,,,
Black Bag/black Blanket,,,
Black Bag/forest Green Blanket,,,
Black Bag/grey Blanket,,,
Black Bag/navy Blan,,,
Black Barrel With Fully-Customizable Puzzle,,,
Black Blanket/black Bag,,,
Black Blanket/blue Bag,,,
Black Blanket/clear With Black Trim Tote,,,
Black Blanket/cranberry Bag,,,
Black Blanket/forest G,,,
Black Box With Custom Four-Color Sleeve,,,
Black Case W/black Battery And White Usb Car Charger,,,
Black Case W/blue Battery And White Usb Car Ch,,,
Black Case/white Battery And Retracting Earbusds,,,
Black Case/white Mobile Charger And Retracting Earbuds,,,
Black Case/white Mobile Charger And Usb Cable,,,
Black Co,,,
Black Coaster & Blue Corkscrew,,,
Black Coaster & Charcoal Corkscrew,,,
Black Coaster & Red Corkscrew,,,
Black Cover With Blue Edge,,,
Black Cover With Lime Green Edge,,,
Black Cover With Orange Edge,,,
Black Jotter With Black Pen,,,
Black Journal W/silver Pen,,,
Black Journal/black Pen,,,
Black Magnifier/gold Trim,,,
Black Magnifier/silver Trim,,,
Black Notebook W/blue Laces,,,
Black Notebook W/lime Green Laces,,,
Black Notebook W/orange Laces,,,
Black Notebook With Black Pen,,,
Black Onyx Bag/clear Bottle,,,
Black Pad With Black Pen,,,
Black Passport W/,,,
Black Passport W/lime Green Luggage Tag,,,
Black Passport W/navy Luggage Tag,,,
Black Pocket W/white Ear Bud,,,
Black Pouch W/silver Hub And Silver Mouse,,,
Black Pouch W/white Earbuds And White Speakers,,,
Black Pouch With Black Blanket,,,
Black Pouch With Burgundy Blanket,,,
Black Pouch With Forest Green Bla,,,
Black Pouch/black Phone Holder/clear Charger,,,
Black Pouch/blue Phone Holder/translucent Blue Charger,,,
Black Pouch/clear Car Charger/white Wall Charger,,,
Black Pouch/translucent Blue Car Charger/white Wal,,,
Black Round Retract-A-Badge & White Luggage Tag,,,
Black Square Retract-A-Badge & White Luggage Tag,,,
Black W/ Black,,,
Black W/black Handles,,,
Black W/black Trim,,,
Black W/blue Lining,,,
Black W/grey Trim,,,
Black W/lime Green Lining,,,
Black W/natural Handles,,,
Black W/red Lining,,,
Black With Black Trim,,,
Black With Blue,,,
Black With Clear,,,
Black With Grey,,,
Black With Lime Green,,,
Black With Natural,,,
Black With Orange,,,
Black With Red,,,
Black With White,,,
Black With White Trim,,,
Black/blue,,,
Black/bordeaux,,,
Black/brick Red,,,
Black/granite,,,
Black/grey,,,
Black/light Blue (interior),,,
Black/pink,,,
Black/red,,,
Black/red Plaid,,,
Black/silver,,,
Black/white,,,
Black/yellow,,,
Blank,,,
Blue,,,
Blue Bag 3290 With Roral Blue Blanket,,,
Blue Bag With Black Blanke,,,
Blue Bottle & Multi-Color Beach Ball,,,
Blue Bottle W/ Black Pouch,,,
Blue Jotter With Black Pen,,,
Blue Lid Can W/pre-Printed Multi-Color Label,,,
Blue Magnifier/gold Trim,,,
Blue Magnifier/silver Trim,,,
Blue Notebook With Blue Pen,,,
Blue Notebook/white Pen,,,
Blue Pad With Black Pen,,,
Blue Pen W/zebra Print Tie,,,
Blue Pocket W/white Ear Bud,,,
Blue Pouch W/white Earbuds And White Speakers,,,
Blue Sky Bag/clear Bottle,,,
Blue Tumbler W/ Black Pouch,,,
Blue W/ Black,,,
Blue W/ Black Trim,,,
Blue W/black Pouch,,,
Blue W/black Trim,,,
Blue With Black Trim,,,
Blue With Blue,,,
Blue With Blue Grip,,,
Blue With Green Continents,,,
Blue With Multi-Color Continents,,,
Blue With White,,,
Blue With White Trim,,,
Blue/blue,,,
Blue/green Plaid,,,
Blue/white,,,
Blueberry,,,
Bon Bon Stripe,,,
Box,,,
Bright Red,,,
Bright Teal,,,
British Tan,,,
Brown,,,
Brown/camel (interior),,,
Bubblegum,,,
Bubblegum Bag/clear Bottle,,,
BuiltÂ® Bold,,,
Burgundy,,,
Burgundy (custom Only),,,
Burgundy Blanket/clear With Black Trim Tote,,,
Camel,,,
Cardinal,,,
Carolina Blue,,,
Charcoal,,,
Cherry,,,
Cherry Bag/clear,,,
Cherry/pink Crush,,,
Chocolate,,,
Chrome,,,
City Grid,,,
Clear,,,
Clear Bottle & Multi-Color Beach Ball,,,
Clear Bottle W,,,
Clear Bottle With Translucent Blue Lid,,,
Clear Bottle With Translucent Lime Green Lid,,,
Clear Bottle With White Pedometer,,,
Clear Bottle With White/black Lid,,,
Clear Bottle With White/blue Lid,,,
Clear Bottle With White/lime Gr,,,
Clear Gel W/custom Label,,,
Clear Gel W/pre-Printed Awarness Label,,,
Clear Gel W/pre-Printed Black And White Label,,,
Clear Gel W/pre-Printed Chef Label,,,
Clear Gel W/pre-Printed Doctor Label,,,
Clear Gel W/pre-Printed Fire Label,,,,
Clear Gel W/pre-Printed Multi-Color Label,,,
Clear Gel With Chef Label,,,
Clear Gel With Cool Shirt Fish Label,,,
Clear Gel With Custom Label,,,
Clear Gel With White Label,,,
Clear Top/white Bottom,,,
Clear With Apple Green Straw,,,
Clear With Aqua Straw,,,
Clear With Back Lid And Black Sleeve,,,
Clear With Black,,,
Clear With Black Lid,,,
Clear With Black Lid And,,,
Clear With Black Lid And Blue Sleeve,,,
Clear With Blue,,,
Clear With Orange Straw,,,
Clear With Red Straw,,,,
Clear With White Label,,,
Clear/black,,,
Clear/blue,,,
Clear/blue Lid,,,
Clear/mint Green,,,
Clear/orange Lid,,,
Clear/red,,,
Clear/red Lid,,,
Clear/smoke Lid,,,
Clear/white Lid,,,
Cloverfield,,,
Cocoa,,,
Cocoa/blue,,,
Computer Grey,,,
Coral,,,
Cranberry,,,
Cranberry W/ Black,,,
Cream,,,
Custom,,,
Custom Color,,,
Custom Colors Available,,,
Custom Four Color Process,,,
Dahlia,,,
Damash Black & White,,,
Dark Brown,,,
Dark Brown Leather/lt Blue Faux Suede,,,
Dark Green,,,
Dark Red,,,
Dark Tan,,,
Discontinued Do Not Use,,,
Do Not Use,,,
Do Not Use Lime Green,,,
Do Not Use Replaced By Brn,,,
Do Not Use Translucent Red,,,
Dot 9,,,
Dot No.,,,
Falling Leaves,,,
Female,,,
Fireball,,,
Forest,,,
Forest Green,,,
Forest Green W/ Black,,,
Forest Green W/black Trim,,,
Forest Green With White,,,
Formula 1,,,
Formula 1 Red,,,
Four Color Process,,,
Four Color Process Offset,,,
Frosted Blue,,,
Frosted Lime Green,,,
Frosted Orange,,,
Frosted Pink,,,
Frosted Purple,,,
Frosted Red,,,,
Frosted White,,,
Fuchsia,,,
Glossy Blue W/green Continents,,,
Gold,,,
Grape,,,
Graphite Grid,,,
Gray,,,
Green,,,
Green And Blue Highlighters,,,
Green Bottle & Multi-Co,,,
Green Bottle W/ Black Pouch,,,
Green Magnifier/gold Trim,,,
Green Magnifier/silver Trim,,,
Green Pad With Black Pen,,,
Green Tumbler W/ Black Pouch,,,
Green W/ Black,,,
Green W/black Trim,,,
Green With Green Grip,,,
Green With Line Smile,,,
Grey,,,
Grey Journal W/silver Pen,,,
Grey Journal/silver Pen,,,
Grey W/ Bl,,,
Grey With White Cab,,,
Grey/white,,,
Gunmetal,,,
Hand Snitiz,,,
Hand Snitizer W/beach Lady Clip,,,
Hand Snitizer W/goofy Clip,,,
Hand Snitizer W/nurse Clip,,,
Heartbreaker,,,
Heather Grey,,,
Hot Pink,,,
Hunter Green,,,
Jet Black,,,
Kelly Green,,,
Khaki,,,
Khaki Green,,,
Khaki With Navy,,,
Khaki With Navy Trim,,,
Ladybug,,,
Lago Blue,,,
Leopard,,,
Ligh Blue,,,
Light Blue,,,
Light Blue Pen W/paisley Print Tie,,,
Light Pink,,,
Lime,,,
Lime Green,,,
Lime Green Lid W/pre-Printed Multi-Color Label,,,
Lime Green Pad With Bla,,,
Lime Green Pocket W/white Ear Bud,,,
Lime Green W/orange Handles,,,
Lime Green/natural,,,
Lip Balm W/beach Lady Clip,,,
Lip Balm W/goofy Clip,,,
Lip Balm W/nurse Clip,,,
Lip Balm W/snorkel Guy Cli,,,
Lollipop Stripe,,,
Love & Bones,,,
Lush Flower,,,
Male,,,
Maritime,,,
Maroon,,,
Matte Blue W/green Continents,,,
Metallic,,,
Metallic Black,,,
Metallic Blue,,,
Metallic Blue Ice,,,
Metallic Copper,,,
Metallic Cranberry,,,
Metallic Dark Red,,,
Metallic Green,,,
Metallic Grey,,,
Metallic Lime Green,,,
Metallic Misty Green,,,
Metallic Moss Green,,,
Metallic Orange,,,
Metallic Patriot Blue,,,
Metallic Pewter,,,
Metallic Purple,,,
Metallic Red,,,
Micro Dot,,,
Mid,,,
Midnight,,,
Mini Do,,,
Mini Dot Black & White,,,
Mini Dot Black And White,,,
Mini Dot Navy,,,
Mist,,,
Multi Color,,,
Multi-Color,,,
Multi-Color With Yellow,,,
Multi-Color With Yellow Highlighter,,,
Multicolor,,,
Multicolor Lab,,,
Multicolor Label/gol,,,
Natural,,,
Natural Bag With Black Bottom,,,
Natural Bag With Blue Bottom,,,
Natural Bag With Lime Green Bottom,,,
Natural Canvas,,,
Natural Canvas W/black Handles,,,
Natural Canvas W/blue Handles,,,
Natural Jotter With Black Pen,,,
Natural Pad Wi,,,
Natural Pad With Black Trim,,,
Natural Pad With Blue Trim,,,
Natural Pad With Green Trim,,,
Natural W/black,,,
Natural W/blue,,,
Natural W/blue Handles,,,
Natural W/brown,,,
Natural W/brown Handles,,,
Natural W/green,,,
Natural W/lime Green Handles,,,
Natural W/natural,,,
Natural W/natural Handl,,,
Natural W/oran,,,
Natural With Black Trim,,,
Natural/dark Brown,,,
Navy,,,
Navy Blue,,,
Navy Journal W/silver Pen,,,
Navy Journal/silver Pen,,,
Navy With White,,,
Navy With White Trim,,,
Navy/aqua,,,
Navy/cocoa,,,
Neon Orange,,,
Neon Yellow,,,
Nickel,,,
Nolita Stri,,,
Nolita Stripe,,,
Non Stock Color,,,
Non-Stock,,,
Off-White,,,
Olive Green,,,
Onyx,,,
Ora,,,
Orange,,,
Orange Pen,,,
Orange Pen W/striped Tie,,,
Orange W/black,,,
Orange W/black Trim,,,
Orange With Orange Grip,,,
Orange/blue,,,
Orange/dark C,,,
Orange/purple,,,
Paintball,,,
Peach,,,
Pi,,,
Pink,,,
Pink With Pink Trim,,,
Positivity,,,
Purp,,,
Purpl,,,
Purple,,,
Purple W/black Trim,,,
Rain Drop,,,
Rain Drop Mini,,,
Rainbow,,,
Red,,,
Red Bottle W/ Black Pouch,,,
Red Jotter W,,,
Red Journal W/silv,,,
Red Journal/silver Pen,,,
Red Leather/ivory Faux Suede,,,
Red Notebook With Red Pen,,,
Red Po,,,
Red Tumbler W/ Black Pouch,,,
Red W/black Pouch,,,
Red W/black Trim,,,
Red Wi,,,
Red With Black Grip,,,
Red With Black Trim,,,
Red With Line Smile,,,
Red With White Trim,,,
Red,,,,
Red/silver,,,
Red/white,,,
Remove Color,,,
Replaced By Nvy,,,
Replaced With Lgr,,,
Rosewood,,,
Royal Blue,,,
Rust,,,
S,,,
Sag,,,
Sage Green / Cocoa,,,
Sage Green/cocoa,,,
Sage/brown,,,
Scatte,,,
Scatter Dot,,,
Scuba Blue,,,
See Rbu,,,
Silv,,,
Silver,,,
Silver Barrel With Black Trim,,,
Silver Barrel With Blue Trim,,,
Silver Barrel With Green T,,,
Silver Base W/green,,,
Silver Base W/lime Green,,,
Silver Base W/red,,,
Silver Base W/royal Blue,,,
Silver Bottle W/,,,
Silver Tumble,,,
Silver W/black,,,
Silver W/black Rubber Grip,,,
Silver W/black Trim,,,
Silver W/blue,,,
Silver W/red,,,
Silver W/translucent Blue Grip,,,
Silver W/translucent Green Grip,,,
Silver W/translucent Orange Grip,,,
Silver Wit,,,
Silver With Black,,,
Silver With Black Trim,,,
Silver With Blue,,,
Silver With Blue Silicone Ring,,,
Silver With Blue Trim,,,
Silver With Clear,,,
Silver With Green,,,
Silver With Green Trim,,,
Silver With Grey Silicone Ring,,,
Silver With Orange Trim,,,
Silver With Red,,,
Silver With Red Silicone Ring,,,
Silver With Translucent,,,
Silver With Translucent Blue,,,
Silver With Translucent Blue Panels,,,
Silver With Translucent Green,,,
Silver With Translucent Orange Panels,,,
Silver With Translucent Red,,,
Silver With Yellow,,,
Siver With Blue,,,
Ski Patrol Red,,,
Sky,,,
Slate,,,
Smoke,,,
Smoke With Blue Lid,,,
Smoke With Lime Green Lid,,,
Smoke With Red Lid,,,
Solid Grey,,,
Solid: Silver With Black Trim,,,
Solid: White With Black Trim,,,
Stainless,,,
Summer Bloom,,,
Sun Tan,,,
Sun Tan Lotion W/beach Lady Clip,,,
Sun Tan Lotion W/goofy Clip,,,
Sun Tan Lotion W/nurse Clip,,,
Suntan & Lip Balm W/beach Lady Clip,,,
Suntan & Lip Balm W/goofy Clip,,,
Suntan & Lip Balm W/nurse Clip,,,,
Sweet Tart,,,
T,,,
Tan,,,
Tangerine,,,
Taupe/cocoa,,,
Teal,,,
Teal Notebook/white Pen,,,
Titanium,,,
Trans,,,
Transl,,,
Transluce,,,
Translucen,,,
Translucent,,,
Translucent Apple Green,,,
Translucent Aqua,,,
Translucent Baby Blue,,,
Translucent Baby Pink,,,
Translucent Black,,,
Translucent Blue,,,
Translucent Blue Bottle With White Pedometer,,,
Translucent Blue Round Retract-A-Badge & White Lu,,,
Translucent Blue Square Retract-A-Badge & White Lu,,,
Translucent Blue W,,,
Translucent Blue W/black Rubber Grip,,,
Translucent Blue W/black Trim,,,
Translucent Blue W/grey Trim,,,
Translucent Blue With Silver Trim,,,
Translucent Bright Green,,,
Translucent Burgundy,,,
Translucent Fuchsia,,,
Translucent Green,,,
Translucent Green B,,,
Translucent Green W/grey Trim,,,,
Translucent Green,,,,
Translucent Grey,,,
Translucent Ice Blue,,,
Translucent Light Blue,,,
Translucent Lime Green,,,
Translucent Orange,,,
Translucent Pi,,,
Translucent Pink,,,
Translucent Pu,,,
Translucent Purple,,,
Translucent Red,,,
Translucent Red W/black Trim,,,
Translucent Red,,,,
Translucent Smo,,,
Translucent Smoke,,,
Translucent Yellow,,,
Turquoise,,,
Two-Tone Sil,,,
Two-Tone Silver With Translucent Blue,,,
Two-Tone Silver With Translucent Purple,,,
Vine,,,
Wh,,,
Wheat,,,
White,,,
White & Blue,,,
White & Red,,,
White (fully Customizable),,,
White Base With Multi-Color Hubs,,,
White Bottle With White Label,,,
White Box W/translucent Clear Compartments,,,
White Box W/translucent Multi-Color Compartments,,,
White Box With Four-Color Sleeve,,,
White Can W/pre-Printed Black And White Label,,,
White Can W/pre-Printed Multicolor Label,,,
White Car Charger,,,
White Car Charger W/black Battery,,,
White Car Charger W/lime Green Battery,,,
White Lip Balm With White Label,,,
White Noteboo,,,
White Notebook/blue Pen,,,
White Notebook/orange Pen,,,
White Notebook/purple Pen,,,
White Pen W/pink Awareness Ribbon,,,
White Pen W/usa Flag Awareness Ribbon,,,
White Screen Cleaner W/blue Stylus,,,
White Screen Cleaner W/green Stylus,,,
White Stand W/blue Stylus And Screen Cleaner,,,
White Stand W/green Stylus And Scree,,,
White W/ Black Cap,,,
White W/ Black Silicone Ring,,,
White W/ Blue Cap,,,
White W/ Blue Silicone Ring,,,
White W/ Green Cap,,,
White W/ Lime Green Silicone Ring,,,,
White W/ Red Cap,,,
White W/ Translucent Blue Cap,,,
White W/ Translucent Lime Green Cap,,,
White W/ Translucent Orange Cap,,,,
White W/black Emergency Charger,,,
White W/black Handles,,,
White W/black Lid,,,
White W/black Pouch,,,
White W/blue,,,
White W/blue Emergency Charger,,,
White W/blue Handles,,,
White W/blue Trim,,,
White W/clear Trim,,,
White W/green Handles,,,
White W/green Trim,,,
White W/grey,,,
White W/grey Screen,,,
White W/light Blue Trim,,,
White W/light Green Trim,,,
White W/lime Green Emergency Charger,,,
White W/orange Trim,,,
White W/pink Trim,,,
White W/red,,,
White W/red Emer,,,
White W/red Handles,,,
White W/silver Emergency Cha,,,
White W/translu,,,
White W/translucent Blue Lid,,,
White W/translucent Blue Trim,,,
White W/translucent Lime Green Lid,,,
White W/y,,,
White W/yellow,,,
White W/yellow Trim,,,
White With,,,
White With 4cp Imprint,,,
White With Black,,,
White With Black Spots,,,
White With Black Utensils,,,
White With Blue,,,
White With Blue Utensils,,,
White With Green Utensils,,,
White With Lime Green,,,
White With Multi-Color Hubs,,,
White With Multi-Colored Highlighters,,,
White With Pink Ribbon,,,
White With Red,,,
White With Red And Grey Trim,,,
White With Teal,,,
White With Translucent Blue Trim,,,
White With White,,,
White With Ye,,,
White/black,,,
White/blue,,,
Whte With White,,,
Ye,,,
Yellow,,,
Yellow W/black Pouch,,,
Yellow W/black Rubber Grip,,,
Yellow Wit,,,
Yellow With Black Feet,,,
Zebra,,,
