Travel Leisure,Giveaways
Computer Bags,Messenger
GiftPacks,Gifts
Drinkware,Mugs-Drinkware
Totes/Duffels,Bags-Coolers-Totes
Coolers-Ice,Coolers
Technology,Tech-Electronics
SumFun BBQ,Patio
BackPacks,Backpack
String Backpacks,Drawstring
Bags/Jute,Bags
Bags/Cotton,Bags
Everyday Living,Home
Blankets,Blankets-Towels
Note Holders,Notebooks
Tools,Tools
Combo,Tools
Stress Relievers,Stress Relievers
Desk Accessories,Desk Accessories
Exec Toys,Executive Games
Personal Care,Personal-Healthcare
Key Holders,Key Chains
Writing Instruments,Pens
Hand Sanitizers,Home Accessories
Health Fitness,Fitness
Summer Fun,Patio
Holiday: Gift Sets,Holiday
Education-Notebooks/pads,Padfolios
Calculators,Calculators
Leisure,Outdoors
Clocks,Clocks
Padfolios,Padfolios
Fitness/Sport,Fitness
TradeShow-Show giveaways,Giveaways
Bags,Bags
Beach Mats,Blankets-Towels
Magic Concept Puzzles,Table Games
Fun Games,Table Games
MP3/Radios,AM-FM Radios
