BBQ,Patio
Kitchen Accessories,Kitchen
Computer Accessories,Accessories
Portfolios,Padfolios
Business Travel,Business Supplies
Weather Stations,AM-FM Radios
Bluetooth,Tech-Electronics
Golf,Golf
Cooler Bags,Coolers
Outdoor Sport Glasses,Safety
Safety Eyewear,Safety
Convention/Desktop,Desktop
Blankets,Blankets-Towels
Duffels,Duffel-Rolling
Backpacks,Backpack
Picnic,Blankets-Towels
Wine,Coolers
Cinchpaks,Drawstring
Totes,Totes
Games,Games
Hydration Packs,Sports-Outdoor
Multi Tools,Tools
Knives,Knives
Auto/First Aid,First Aid
Entertaining,Games
Cheese,Kitchen
Key Fobs,Key Chains
Lanterns,Flashlights
Tool Sets/Bags,Tool Kits
Garden,Garden
Salt and Pepper Mills,Kitchen
Measuring Tools,Tools
Head Protection,Safety
Hand Protection,Safety
Hi-Vis Apparel,Safety
Hearing Protection,Safety
Vacuum Insulated Bottles,Thermos
Travel Mugs,Travel Mugs
Travel Tumblers,Travel Mugs
Glassware,Glassware-Barware
Water Bottles,Water Bottles
Barware,Bar
Gift Sets,Gift Sets
Outdoor Sport Glasses,Outdoors
Knife/Boards,Kitchen
