-,Accessories
2012 New Items,Accessories
2014 New Items,Accessories
2015 New Items,Accessories
Bags \\ Backpacks,Backpack
Bags \\ Coolers,Coolers
Bags \\ Duffels,Duffel-Rolling
Bags \\ Lunch Bags,Lunch
Bags \\ Messenger & Laptop,Messenger
Bags \\ Totes,Totes
Bags \\ Travel & Storage,Totes
Binoculars,Other
Boxes & Packaging,Accessories
Brands \\ Alchemy,Golf
Brands \\ BrandCharger,Golf
Brands \\ Callaway,Golf
Brands \\ Kanex,Golf
Brands \\ LED Lenser,Golf
Brands \\ Leatherman,Tools
Brands \\ London Fog,Unisex
Brands \\ Lunatik,Golf
Brands \\ Mia,Golf
Brands \\ Oakley,Golf
Brands \\ TYLT,Golf
Brands \\ Travalo,Golf
Brands \\ Uncommon,Golf
Brands \\ Xoopar,Golf
Brands \\ blueLounge,Golf
Calculators \\ Desktop,Calculators
Calculators \\ Handheld,Calculators
Clearance,Accessories
Clearance \\ Bags,Bags
Clearance \\ Binoculars,Other
Clearance \\ Drinkware,Mugs-Drinkware
Clearance \\ Gifts,Gifts
Clearance \\ Home + Office,Home Accessories
Clearance \\ Outdoors,Sports-Outdoors
Clearance \\ Red Hot Deals,Sports-Outdoors
Clearance \\ Stationery,Notebooks
Clearance \\ Tech,Tech-Electronics
Clearance \\ Time,Watches
Clearance \\ Writing Instruments,Pens
Clocks \\ Desktop,Clocks
Clocks \\ Travel Alarm,Clocks
Drinkware \\ Travel Mugs,Travel Mugs
Drinkware \\ Tumblers,Mugs-Tumblers
Drinkware \\ Vacuum Bottles,Sports Bottles
Drinkware \\ Water Bottles,Water Bottles
Gifts,Gifts
Hats,Headwear-Caps
Home + Office,Home Accessories
Home + Office \\ Calculators,Calculators
Home + Office \\ Home Goods,Home Accessories
Home + Office \\ Photo Frames,Digital Frames
Home + Office \\ Storage,Bags
Key Items,Key Chains
Key Tags,Luggage Tags
Keychains,Key Chains
Outdoors,Outdoors
Outdoors \\ Blankets-Towels,Blankets-Towels
Outdoors \\ Flashlights - Dynamos,Flashlights
Outdoors \\ Flashlights - Metal,Flashlights
Outdoors \\ Flashlights - Plastic,Flashlights
Outdoors \\ Key Lights + Key Tags,Key Chains
Outdoors \\ Recreation,Outdoors
Outdoors \\ Tools,Outdoors
Outdoors \\ Travel Accessories,Accessories
Pedometers,Tech-Electronics
Perfect 10,Accessories
Sales Kits,Accessories
Sports + Health,Personal-Healthcare
Sports + Health \\ Pedometers,Personal-Healthcare
Sports + Health \\ Stopwatches,Personal-Healthcare
Stationery \\ Document,Notebooks
Stationery \\ Jotters,Notebooks
Stationery \\ Journals & Notebooks,Notebooks
Stationery \\ Office,Notebooks
Stationery \\ Personal,Notebooks
Stationery \\ Portfolios,Padfolios
Stopwatches & Timers,Watches
Tech \\ Accessories,Accessories
Tech \\ Cases + Sleeves,Cases
Tech \\ Chargers + Adapters,Chargers
Tech \\ Digital Picture Frames,Digital Frames
Tech \\ Gift Sets,Accessories
Tech \\ Hubs,Accessories
Tech \\ Mouse,Accessories
Tech \\ Music,MP3 Players
Tech \\ USB Drives,USB
Tech \\ Xoopar,USB
Time \\ Analog Sport,Watches
Time \\ Clocks,Clocks
Time \\ Timers,Watches
Time \\ Watches - Analog,Watches
Time \\ Watches - Digital,Watches
Tools,Tools
Unique \\ Travel,Accessories
Writing Instruments,Pens
Writing Instruments \\ Gel,Pens
Writing Instruments \\ Highlighters,Highlighters
Writing Instruments \\ Light-Up & Laser,Pens
Writing Instruments \\ Metal,Pens
Writing Instruments \\ Plastic,Pens
Writing Instruments \\ Stylus,Pens
