HL-102,,,,
HL-104,,,,
HL-105,,,,
HL-105C,,,,
HL-105DP,,,,
HL-106,,,,
HL-107,,,,
HL-110,,,,
HL-124,,,,
HL-126,,,,
HL-127,,,,
HL-147,,,,
HL-16,,,,
HL-16DP,,,,
HL-16NW,,,,
HL-22,,,,
HL-220,,,,
HL-28,,,,
HL-30,,,,
HL-300,,,,
HL-304,,,,
HL-305,,,,
HL-308,,,,
HL-309,,,,
HL-310,,,,
HL-313,,,,
HL-314,,,,
HL-315,,,,
HL-316,,,,
HL-32,,,,
HL-325,,,,
HL-32DP,,,,
HL-32NW,,,,
HL-330,,,,
HL-331,,,,
HL-334,,,,
HL-335,,,,
HL-340,,,,
HL-341,,,,
HL-342,,,,
HL-343,,,,
HL-348,,,,
HL-350,,,,
HL-352,,,,
HL-358,,,,
HL-360,,,,
HL-361,,,,
HL-362,,,,
HL-363,,,,
HL-364,,,,
HL-365,,,,
HL-368,,,,
HL-38,,,,
HL-380,,,,
HL-381,,,,
HL-382,,,,
HL-385,,,,
HL-386,,,,
HL-40,,,,
HL-43,,,,
HL-44,,,,
HL-46,,,,
HL-50,,,,
HL-500,,,,
HL-501,,,,
HL-502,,,,
HL-503,,,,
HL-504,,,,
HL-506,,,,
HL-511,,,,
HL-513,,,,
HL-514,,,,
HL-530,,,,
HL-531,,,,
HL-532,,,,
HL-533,,,,
HL-534,,,,
HL-535,,,,
HL-536,,,,
HL-560,,,,
HL-58,,,,
HL-581,,,,
HL-582,,,,
HL-583,,,,
HL-584,,,,
HL-585,,,,
HL-586,,,,
HL-593,,,,
HL-603FLAT,,,,
HL-603FLYER,,,,
HL-716,,,,
HL-800,,,,
HL-801,,,,
HL-802,,,,
HL-803,,,,
HL-804,,,,
HL-805,,,,
HL-806,,,,
HL-807,,,,
HL-808,,,,
HL-809,,,,
HL-810,,,,
HL-811,,,,
HL-812,,,,
HL-813,,,,
HL-816,,,,
HL-90,,,,
HL-95,,,,
HL-95L,,,,
HL-97,,,,
HL-98,,,,
HL-99,,,,
HL-JT16,,,,
HL-JT24,,,,
HL-JT32,,,,
HL-JT32C,,,,
HL-N300,,,,
HL-N330,,,,
HL-N600,,,,
HL-N603,,,,
HL-N605,,,,
HL-N614,,,,
HL-SUN-J,,,,
HL-SV3,,,,
HL-TIMER,,,,
KK-635,,,,
KK-640,,,,
KK-930,,,,
SM-1008,,,,
SM-1016,,,,
SM-1450,,,,
SM-1453,,,,
SM-1456,,,,
SM-1457,,,,
SM-1458,,,,
SM-1459,,,,
SM-1460,,,,
SM-1502,,,,
SM-1504,,,,
SM-1507,,,,
SM-1508,,,,
SM-1509,,,,
SM-1513,,,,
SM-1516,,,,
SM-1517,,,,
SM-1520,,,,
SM-1530,,,,
SM-1531,,,,
SM-1532,,,,
SM-1533,,,,
SM-1534,,,,
SM-1535,,,,
SM-1537,,,,
SM-1539,,,,
SM-1543,,,,
SM-1550,,,,
SM-1551,,,,
SM-1552,,,,
SM-1554,,,,
SM-1556,,,,
SM-1557,,,,
SM-1558,,,,
SM-1560,,,,
SM-1571,,,,
SM-1572,,,,
SM-1573,,,,
SM-1574,,,,
SM-1575,,,,
SM-1580,,,,
SM-1590,,,,
SM-1592,,,,
SM-1599,,,,
SM-1600,,,,
SM-1603,,,,
SM-1611,,,,
SM-1711,,,,
SM-1714,,,,
SM-1732,,,,
SM-2121,,,,
SM-2123,,,,
SM-2124,,,,
SM-2125,,,,
SM-2127,,,,
SM-2128,,,,
SM-2130,,,,
SM-2147,,,,
SM-2167,,,,
SM-2173,,,,
SM-2174,,,,
SM-2175,,,,
SM-2177,,,,
SM-2197,,,,
SM-2322,,,,
SM-2323,,,,
SM-2324,,,,
SM-2329,,,,
SM-2333,,,,
SM-2341,,,,
SM-2348,,,,
SM-2360,,,,
SM-2364,,,,
SM-2373,,,,
SM-2374,,,,
SM-2380,,,,
SM-2381,,,,
SM-2385,,,,
SM-2386,,,,
SM-2393,,,,
SM-2394,,,,
SM-2396,,,,
SM-2399,,,,
SM-2404,,,,
SM-2412,,,,
SM-2414,,,,
SM-2425,,,,
SM-2428,,,,
SM-2430,,,,
SM-2442,,,,
SM-2460,,,,
SM-2461,,,,
SM-2462,,,,
SM-2463,,,,
SM-2499,,,,
SM-2502,,,,
SM-2504,,,,
SM-2550,,,,
SM-2551,,,,
SM-2555,,,,
SM-2556,,,,
SM-2560,,,,
SM-2561,,,,
SM-2651,,,,
SM-2676,,,,
SM-2680,,,,
SM-2684,,,,
SM-2687,,,,
SM-2688,,,,
SM-2778,,,,
SM-2783,,,,
SM-3010,,,,
SM-3046,,,,
SM-3059,,,,
SM-3105,,,,
SM-3107,,,,
SM-3108,,,,
SM-3122,,,,
SM-3123,,,,
SM-3127,,,,
SM-3128,,,,
SM-3131,,,,
SM-3132,,,,
SM-3133,,,,
SM-3135,,,,
SM-3150,,,,
SM-3151,,,,
SM-3159,,,,
SM-3160,,,,
SM-3165,,,,
SM-3166,,,,
SM-3167,,,,
SM-3185,,,,
SM-3186,,,,
SM-3187,,,,
SM-3188,,,,
SM-3194,,,,
SM-3196,,,,
SM-3199,,,,
SM-3202,,,,
SM-3203,,,,
SM-3205,,,,
SM-3206,,,,
SM-3207,,,,
SM-3208,,,,
SM-3209,,,,
SM-3213,,,,
SM-3215,,,,
SM-3218,,,,
SM-3228,,,,
SM-3231,,,,
SM-3233,,,,
SM-3234,,,,
SM-3235,,,,
SM-3237,,,,
SM-3239,,,,
SM-3242,,,,
SM-3246,,,,
SM-3247,,,,
SM-3250,,,,
SM-3259,,,,
SM-3261,,,,
SM-3263,,,,
SM-3266,,,,
SM-3267,,,,
SM-3272,,,,
SM-3273,,,,
SM-3275,,,,
SM-3277,,,,
SM-3278,,,,
SM-3283,,,,
SM-3288,,,,
SM-3302,,,,
SM-3303,,,,
SM-3305,,,,
SM-3309,,,,
SM-3310,,,,
SM-3311,,,,
SM-3320,,,,
SM-3321,,,,
SM-3322,,,,
SM-3332,,,,
SM-3345,,,,
SM-3346,,,,
SM-3347,,,,
SM-3351,,,,
SM-3353,,,,
SM-3354,,,,
SM-3355,,,,
SM-3356,,,,
SM-3357,,,,
SM-3368,,,,
SM-3371,,,,
SM-3376,,,,
SM-3379,,,,
SM-3380,,,,
SM-3381,,,,
SM-3382,,,,
SM-3384,,,,
SM-3386,,,,
SM-3387,,,,
SM-3388,,,,
SM-3389,,,,
SM-3390,,,,
SM-3391,,,,
SM-3392,,,,
SM-3393,,,,
SM-3395,,,,
SM-3399,,,,
SM-3400,,,,
SM-3402,,,,
SM-3411,,,,
SM-3415,,,,
SM-3418,,,,
SM-3419,,,,
SM-3429,,,,
SM-3430,,,,
SM-3433,,,,
SM-3434,,,,
SM-3436,,,,
SM-3437,,,,
SM-3441,,,,
SM-3442,,,,
SM-3443,,,,
SM-3446,,,,
SM-3447,,,,
SM-3448,,,,
SM-3450,,,,
SM-3452,,,,
SM-3455,,,,
SM-3456,,,,
SM-3457,,,,
SM-3459,,,,
SM-3461,,,,
SM-3462,,,,
SM-3463,,,,
SM-3464,,,,
SM-3465,,,,
SM-3466,,,,
SM-3467,,,,
SM-3468,,,,
SM-3471,,,,
SM-3473,,,,
SM-3474,,,,
SM-3475,,,,
SM-3477,,,,
SM-3478,,,,
SM-3479,,,,
SM-3482,,,,
SM-3483,,,,
SM-3484,,,,
SM-3486,,,,
SM-3487,,,,
SM-3489,,,,
SM-3492,,,,
SM-3494,,,,
SM-3495,,,,
SM-3496,,,,
SM-3497,,,,
SM-3502,,,,
SM-3508,,,,
SM-3511,,,,
SM-3518,,,,
SM-3522,,,,
SM-3525,,,,
SM-3526,,,,
SM-3527,,,,
SM-3528,,,,
SM-3535,,,,
SM-3537,,,,
SM-3538,,,,
SM-3539,,,,
SM-3541,,,,
SM-3547,,,,
SM-3550,,,,
SM-3566,,,,
SM-3575,,,,
SM-3584,,,,
SM-3588,,,,
SM-3592,,,,
SM-3594,,,,
SM-3595,,,,
SM-3596,,,,
SM-3601,,,,
SM-3602,,,,
SM-3611,,,,
SM-3612,,,,
SM-3615,,,,
SM-3616,,,,
SM-3618,,,,
SM-3619,,,,
SM-3621,,,,
SM-3625,,,,
SM-3627,,,,
SM-3629,,,,
SM-3637,,,,
SM-3638,,,,
SM-3639,,,,
SM-3640,,,,
SM-3641,,,,
SM-3647,,,,
SM-3650,,,,
SM-3657,,,,
SM-3665,,,,
SM-3668,,,,
SM-3670,,,,
SM-3672,,,,
SM-3675,,,,
SM-3696,,,,
SM-3779,,,,
SM-3785,,,,
SM-3804,,,,
SM-3806,,,,
SM-3807,,,,
SM-3808,,,,
SM-3809,,,,
SM-3810,,,,
SM-3811,,,,
SM-3812,,,,
SM-3814,,,,
SM-3817,,,,
SM-3818,,,,
SM-3819,,,,
SM-3824,,,,
SM-3826,,,,
SM-3827,,,,
SM-3829,,,,
SM-3832,,,,
SM-3834,,,,
SM-3836,,,,
SM-3838,,,,
SM-3839,,,,
SM-3840,,,,
SM-3841,,,,
SM-3843,,,,
SM-3844,,,,
SM-3845,,,,
SM-3847,,,,
SM-3850,,,,
SM-3853,,,,
SM-3856,,,,
SM-3858,,,,
SM-3859,,,,
SM-3861,,,,
SM-3863,,,,
SM-3865,,,,
SM-3866,,,,
SM-3868,,,,
SM-3869,,,,
SM-3870,,,,
SM-3871,,,,
SM-3874,,,,
SM-3876,,,,
SM-3877,,,,
SM-3879,,,,
SM-3880,,,,
SM-3881,,,,
SM-3885,,,,
SM-3886,,,,
SM-3887,,,,
SM-3888,,,,
SM-3890,,,,
SM-3891,,,,
SM-3892,,,,
SM-3893,,,,
SM-3894,,,,
SM-3896,,,,
SM-3897,,,,
SM-3898,,,,
SM-3901,,,,
SM-3902,,,,
SM-3909,,,,
SM-3911,,,,
SM-3912,,,,
SM-3915,,,,
SM-3916,,,,
SM-3919,,,,
SM-3920,,,,
SM-3923,,,,
SM-3924,,,,
SM-3925,,,,
SM-3926,,,,
SM-3927,,,,
SM-3929,,,,
SM-3939,,,,
SM-3942,,,,
SM-3944,,,,
SM-3947,,,,
SM-3970,,,,
SM-3971,,,,
SM-3982,,,,
SM-3985,,,,
SM-3989,,,,
SM-3995,,,,
SM-3997,,,,
SM-4022,,,,
SM-4035,,,,
SM-4050,,,,
SM-4070,,,,
SM-4101,,,,
SM-4103,,,,
SM-4105,,,,
SM-4109,,,,
SM-4112,,,,
SM-4116,,,,
SM-4117,,,,
SM-4118,,,,
SM-4120,,,,
SM-4123,,,,
SM-4125,,,,
SM-4127,,,,
SM-4142,,,,
SM-4143,,,,
SM-4146,,,,
SM-4148,,,,
SM-4152,,,,
SM-4154,,,,
SM-4155,,,,
SM-4157,,,,
SM-4159,,,,
SM-4160,,,,
SM-4164,,,,
SM-4165,,,,
SM-4167,,,,
SM-4187,,,,
SM-4194,,,,
SM-4198,,,,
SM-4203,,,,
SM-4204,,,,
SM-4224,,,,
SM-4225,,,,
SM-4226,,,,
SM-4228,,,,
SM-4230,,,,
SM-4231,,,,
SM-4233,,,,
SM-4234,,,,
SM-4236,,,,
SM-4238,,,,
SM-4251,,,,
SM-4259,,,,
SM-4264,,,,
SM-4268,,,,
SM-4270,,,,
SM-4271,,,,
SM-4272,,,,
SM-4274,,,,
SM-4277,,,,
SM-4280,,,,
SM-4281,,,,
SM-4283,,,,
SM-4285,,,,
SM-4286,,,,
SM-4287,,,,
SM-4288,,,,
SM-4291,,,,
SM-4292,,,,
SM-4300,,,,
SM-4303,,,,
SM-4306,,,,
SM-4307,,,,
SM-4308,,,,
SM-4310,,,,
SM-4311,,,,
SM-4312,,,,
SM-4315,,,,
SM-4327,,,,
SM-4329,,,,
SM-4332,,,,
SM-4334,,,,
SM-4335,,,,
SM-4353,,,,
SM-4360,,,,
SM-4365,,,,
SM-4413,,,,
SM-4420,,,,
SM-4426,,,,
SM-4433,,,,
SM-4454,,,,
SM-4455,,,,
SM-4470,,,,
SM-4471,,,,
SM-4473,,,,
SM-4483,,,,
SM-4490,,,,
SM-4493,,,,
SM-4494,,,,
SM-4495,,,,
SM-4499,,,,
SM-4519,,,,
SM-4531,,,,
SM-4538,,,,
SM-4553,,,,
SM-4580,,,,
SM-4584,,,,
SM-4601,,,,
SM-4610,,,,
SM-4611,,,,
SM-4618,,,,
SM-4619,,,,
SM-4620,,,,
SM-4621,,,,
SM-4640,,,,
SM-4801,,,,
SM-4802,,,,
SM-4803,,,,
SM-4804,,,,
SM-4807,,,,
SM-4808,,,,
SM-4809,,,,
SM-4811,,,,
SM-4814,,,,
SM-4815,,,,
SM-4816,,,,
SM-4818,,,,
SM-4819,,,,
SM-4822,,,,
SM-4823,,,,
SM-4826,,,,
SM-4830,,,,
SM-4831,,,,
SM-4833,,,,
SM-4834,,,,
SM-4836,,,,
SM-4838,,,,
SM-4839,,,,
SM-4840,,,,
SM-4841,,,,
SM-4843,,,,
SM-4844,,,,
SM-4850,,,,
SM-4851,,,,
SM-4852,,,,
SM-4853,,,,
SM-4855,,,,
SM-4858,,,,
SM-4859,,,,
SM-4860,,,,
SM-4861,,,,
SM-4862,,,,
SM-4880,,,,
SM-4891,,,,
SM-4892,,,,
SM-5001,,,,
SM-5004,,,,
SM-5011,,,,
SM-5012,,,,
SM-5014,,,,
SM-5016,,,,
SM-5206,,,,
SM-6252,,,,
SM-6300,,,,
SM-6301,,,,
SM-6303,,,,
SM-6304,,,,
SM-6306,,,,
SM-6309,,,,
SM-6311,,,,
SM-6314,,,,
SM-6315,,,,
SM-6317,,,,
SM-6321,,,,
SM-6323,,,,
SM-6330,,,,
SM-6336,,,,
SM-6340,,,,
SM-6350,,,,
SM-6352,,,,
SM-6354,,,,
SM-6360,,,,
SM-6388,,,,
SM-6503,,,,
SM-6504,,,,
SM-6513,,,,
SM-6552,,,,
SM-6588,,,,
SM-6600,,,,
SM-6602,,,,
SM-6605,,,,
SM-6607,,,,
SM-6620,,,,
SM-6625,,,,
SM-6628,,,,
SM-6631,,,,
SM-6632,,,,
SM-6633,,,,
SM-6634,,,,
SM-6635,,,,
SM-6637,,,,
SM-6639,,,,
SM-6640,,,,
SM-6645,,,,
SM-6648,,,,
SM-6650,,,,
SM-6651,,,,
SM-6652,,,,
SM-6654,,,,
SM-6656,,,,
SM-6657,,,,
SM-6659,,,,
SM-6670,,,,
SM-6672,,,,
SM-6673,,,,
SM-6675,,,,
SM-6676,,,,
SM-6677,,,,
SM-6678,,,,
SM-6679,,,,
SM-6680,,,,
SM-6688,,,,
SM-6701,,,,
SM-6709,,,,
SM-6710,,,,
SM-6711,,,,
SM-6716,,,,
SM-6717,,,,
SM-6718,,,,
SM-6724,,,,
SM-6726,,,,
SM-6727,,,,
SM-6728,,,,
SM-6730,,,,
SM-6733,,,,
SM-6734,,,,
SM-6739,,,,
SM-6740,,,,
SM-6745,,,,
SM-6746,,,,
SM-6747,,,,
SM-6749,,,,
SM-6771,,,,
SM-6783,,,,
SM-6784,,,,
SM-6786,,,,
SM-6788,,,,
SM-6789,,,,
SM-6793,,,,
SM-6795,,,,
SM-6796,,,,
SM-6797,,,,
SM-6798,,,,
SM-6799,,,,
SM-6801,,,,
SM-6803,,,,
SM-6804,,,,
SM-6805,,,,
SM-6807,,,,
SM-6808,,,,
SM-6809,,,,
SM-6811,,,,
SM-6812,,,,
SM-6813,,,,
SM-6814,,,,
SM-6816,,,,
SM-6817,,,,
SM-6818,,,,
SM-6819,,,,
SM-6820,,,,
SM-6821,,,,
SM-6822,,,,
SM-6823,,,,
SM-6824,,,,
SM-6825,,,,
SM-6826,,,,
SM-6827,,,,
SM-6828,,,,
SM-6830,,,,
SM-6831,,,,
SM-6833,,,,
SM-6834,,,,
SM-6836,,,,
SM-6837,,,,
SM-6840,,,,
SM-6842,,,,
SM-6843,,,,
SM-6849,,,,
SM-6850,,,,
SM-6851,,,,
SM-6852,,,,
SM-6853,,,,
SM-6855,,,,
SM-6856,,,,
SM-6857,,,,
SM-6858,,,,
SM-6860,,,,
SM-6865,,,,
SM-6868,,,,
SM-6870,,,,
SM-6875,,,,
SM-6876,,,,
SM-6888,,,,
SM-6890,,,,
SM-6895,,,,
SM-6922,,,,
SM-6923,,,,
SM-6927,,,,
SM-7102,,,,
SM-7103,,,,
SM-711-MAG,,,,
SM-7135,,,,
SM-7136,,,,
SM-7137,,,,
SM-7138,,,,
SM-7140,,,,
SM-7145,,,,
SM-7148,,,,
SM-7150,,,,
SM-7151,,,,
SM-7152,,,,
SM-7154,,,,
SM-7155,,,,
SM-7156,,,,
SM-7157,,,,
SM-7158,,,,
SM-7160,,,,
SM-7161,,,,
SM-7167,,,,
SM-7169,,,,
SM-7172,,,,
SM-7173,,,,
SM-7175,,,,
SM-7180,,,,
SM-7181,,,,
SM-7182,,,,
SM-7185,,,,
SM-7189,,,,
SM-7190,,,,
SM-7191,,,,
SM-7192,,,,
SM-7193,,,,
SM-7194,,,,
SM-7195,,,,
SM-7196,,,,
SM-7197,,,,
SM-7198,,,,
SM-7199,,,,
SM-7200,,,,
SM-7234,,,,
SM-7235,,,,
SM-7238,,,,
SM-7240,,,,
SM-7242,,,,
SM-7243,,,,
SM-7244,,,,
SM-7245,,,,
SM-7246,,,,
SM-7249,,,,
SM-7254,,,,
SM-7255,,,,
SM-7256,,,,
SM-7257,,,,
SM-7259,,,,
SM-7260,,,,
SM-7261,,,,
SM-7262,,,,
SM-7263,,,,
SM-7264,,,,
SM-7265,,,,
SM-7266,,,,
SM-7267,,,,
SM-7269,,,,
SM-7271,,,,
SM-7273,,,,
SM-7275,,,,
SM-7276,,,,
SM-7277,,,,
SM-7278,,,,
SM-7279,,,,
SM-7280,,,,
SM-7281,,,,
SM-7282,,,,
SM-7283,,,,
SM-7284,,,,
SM-7285,,,,
SM-7286,,,,
SM-7287,,,,
SM-7289,,,,
SM-7290,,,,
SM-7292,,,,
SM-7294,,,,
SM-7297,,,,
SM-7298,,,,
SM-7299,,,,
SM-7300,,,,
SM-7302,,,,
SM-7303,,,,
SM-7304,,,,
SM-7305,,,,
SM-7306,,,,
SM-7307,,,,
SM-7308,,,,
SM-7311,,,,
SM-7312,,,,
SM-7313,,,,
SM-7314,,,,
SM-7315,,,,
SM-7317,,,,
SM-7320,,,,
SM-7321,,,,
SM-7322,,,,
SM-7323,,,,
SM-7324,,,,
SM-7325,,,,
SM-7326,,,,
SM-7327,,,,
SM-7328,,,,
SM-7329,,,,
SM-7331,,,,
SM-7332,,,,
SM-7333,,,,
SM-7334,,,,
SM-7335,,,,
SM-7338,,,,
SM-7340,,,,
SM-7344,,,,
SM-7346,,,,
SM-7347,,,,
SM-7348,,,,
SM-7349,,,,
SM-7350,,,,
SM-7353,,,,
SM-7357,,,,
SM-7359,,,,
SM-7360,,,,
SM-7361,,,,
SM-7362,,,,
SM-7364,,,,
SM-7366,,,,
SM-7367,,,,
SM-7372,,,,
SM-7373,,,,
SM-7374,,,,
SM-7375,,,,
SM-7380,,,,
SM-7382,,,,
SM-7383,,,,
SM-7384,,,,
SM-7385,,,,
SM-7386,,,,
SM-7392,,,,
SM-7393,,,,
SM-7394,,,,
SM-7396,,,,
SM-7397,,,,
SM-7398,,,,
SM-7399,,,,
SM-7400,,,,
SM-7403,,,,
SM-7407,,,,
SM-7408,,,,
SM-7409,,,,
SM-7411,,,,
SM-7412,,,,
SM-7413,,,,
SM-7414,,,,
SM-7417,,,,
SM-7420,,,,
SM-7427,,,,
SM-7428,,,,
SM-7431,,,,
SM-7434,,,,
SM-7435,,,,
SM-7439,,,,
SM-7440,,,,
SM-7441,,,,
SM-7442,,,,
SM-7445,,,,
SM-7453,,,,
SM-7454,,,,
SM-7455,,,,
SM-7458,,,,
SM-7459,,,,
SM-7460,,,,
SM-7461,,,,
SM-7475,,,,
SM-7482,,,,
SM-7489,,,,
SM-7491,,,,
SM-7493,,,,
SM-7499,,,,
SM-7500,,,,
SM-7501,,,,
SM-7503,,,,
SM-7516,,,,
SM-7523,,,,
SM-7527,,,,
SM-7528,,,,
SM-7533,,,,
SM-7539,,,,
SM-7540,,,,
SM-7541,,,,
SM-7544,,,,
SM-7548,,,,
SM-7552,,,,
SM-7556,,,,
SM-7557,,,,
SM-7561,,,,
SM-7570,,,,
SM-7571,,,,
SM-7574,,,,
SM-7581,,,,
SM-7584,,,,
SM-7591,,,,
SM-7593,,,,
SM-7594,,,,
SM-7595,,,,
SM-7598,,,,
SM-7605,,,,
SM-7633,,,,
SM-7643,,,,
SM-7647,,,,
SM-7655,,,,
SM-7658,,,,
SM-7670,,,,
SM-7677,,,,
SM-7679,,,,
SM-7682,,,,
SM-7688,,,,
SM-7689,,,,
SM-7690,,,,
SM-7693,,,,
SM-7695,,,,
SM-7698,,,,
SM-7700,,,,
SM-7701,,,,
SM-7702,,,,
SM-7704,,,,
SM-7705,,,,
SM-7711,,,,
SM-7721,,,,
SM-7760,,,,
SM-7765,,,,
SM-7770,,,,
SM-7775,,,,
SM-7811,,,,
SM-7813,,,,
SM-7815,,,,
SM-7817,,,,
SM-7819,,,,
SM-7821,,,,
SM-7822,,,,
SM-7823,,,,
SM-7827,,,,
SM-7828,,,,
SM-7830,,,,
SM-7835,,,,
SM-7837,,,,
SM-7839,,,,
SM-7845,,,,
SM-7847,,,,
SM-7857,,,,
SM-7877,,,,
SM-7878,,,,
SM-7879,,,,
SM-7885,,,,
SM-7886,,,,
SM-7890,,,,
SM-7891,,,,
SM-7893,,,,
SM-7909,,,,
SM-7952,,,,
SM-8001,,,,
SM-8002,,,,
SM-8003,,,,
SM-8004,,,,
SM-8005,,,,
SM-8006,,,,
SM-8007,,,,
SM-8008,,,,
SM-8009,,,,
SM-8010,,,,
SM-8011,,,,
SM-8012,,,,
SM-8013,,,,
SM-8014,,,,
SM-8015,,,,
SM-8016,,,,
SM-8017,,,,
SM-8018,,,,
SM-8019,,,,
SM-8020,,,,
SM-8021,,,,
SM-8022,,,,
SM-8023,,,,
SM-8024,,,,
SM-8025,,,,
SM-8026,,,,
SM-8027,,,,
SM-8028,,,,
SM-8029,,,,
SM-8030,,,,
SM-8031,,,,
SM-8032,,,,
SM-8033,,,,
SM-8034,,,,
SM-8035,,,,
SM-8036,,,,
SM-8037,,,,
SM-8038,,,,
SM-8039,,,,
SM-8040,,,,
SM-8041,,,,
SM-8042,,,,
SM-8043,,,,
SM-8044,,,,
SM-8045,,,,
SM-8046,,,,
SM-8047,,,,
SM-8048,,,,
SM-8049,,,,
SM-8050,,,,
SM-8051,,,,
SM-8052,,,,
SM-8053,,,,
SM-8054,,,,
SM-8055,,,,
SM-8056,,,,
SM-8057,,,,
SM-8058,,,,
SM-8059,,,,
SM-8060,,,,
SM-8061,,,,
SM-8062,,,,
SM-8063,,,,
SM-8064,,,,
SM-8065,,,,
SM-8066,,,,
SM-8067,,,,
SM-8100,,,,
SM-8101,,,,
SM-8102,,,,
SM-8103,,,,
SM-8104,,,,
SM-8105,,,,
SM-8106,,,,
SM-8107,,,,
SM-8108,,,,
SM-8109,,,,
SM-8110,,,,
SM-8111,,,,
SM-8112,,,,
SM-8113,,,,
SM-8114,,,,
SM-8120,,,,
SM-8121,,,,
SM-9000,,,,
SM-9002,,,,
SM-9003,,,,
SM-9006,,,,
SM-9007,,,,
SM-9013,,,,
SM-9014,,,,
SM-9015,,,,
SM-9016,,,,
SM-9038,,,,
SM-9045,,,,
SM-9055,,,,
SM-9099,,,,
SM-9331,,,,
SM-9335,,,,
SM-9337,,,,
SM-9339,,,,
SM-9340,,,,
SM-9344,,,,
SM-9345,,,,
SM-9349,,,,
SM-9350,,,,
SM-9354,,,,
SM-9358,,,,
SM-9360,,,,
SM-9362,,,,
SM-9365,,,,
SM-9368,,,,
SM-9370,,,,
SM-9371,,,,
SM-9372,,,,
SM-9373,,,,
SM-9375,,,,
SM-9376,,,,
SM-9378,,,,
SM-9380,,,,
SM-9386,,,,
SM-9389,,,,
SM-9390,,,,
SM-9395,,,,
SM-9397,,,,
SM-9401,,,,
SM-9402,,,,
SM-9403,,,,
SM-9408,,,,
SM-9411,,,,
SM-9413,,,,
SM-9416,,,,
SM-9421,,,,
SM-9435,,,,
SM-9436,,,,
SM-9437,,,,
SM-9441,,,,
SM-9444,,,,
SM-9447,,,,
SM-9449,,,,
SM-9450,,,,
SM-9458,,,,
SM-9460,,,,
SM-9462,,,,
SM-9463,,,,
SM-9465,,,,
SM-9470,,,,
SM-9472,,,,
SM-9474,,,,
SM-9475,,,,
SM-9476,,,,
SM-9478,,,,
SM-9481,,,,
SM-9482,,,,
SM-9483,,,,
SM-9487,,,,
SM-9488,,,,
SM-9490,,,,
SM-9493,,,,
SM-9494,,,,
SM-9495,,,,
SM-9536,,,,
SM-9541,,,,
SM-9542,,,,
SM-9548,,,,
SM-9556,,,,
SM-9560,,,,
SM-9564,,,,
SM-9576,,,,
SM-9583,,,,
SM-9590,,,,
SM-9595,,,,
SM-9618,,,,
SM-9620,,,,
SM-9622,,,,
SM-9640,,,,
SM-9648,,,,
SM-9654,,,,
SM-9670,,,,
SM-9675,,,,
SM-9679,,,,
SM-9691,,,,
SM-9692,,,,
SM-9693,,,,
SM-9694,,,,
SM-9697,,,,
SM-9698,,,,
SM-9699,,,,
SM-9702,,,,
SM-9707,,,,
SM-9708,,,,
SM-9711,,,,
SM-9712,,,,
SM-9713,,,,
SM-9716,,,,
SM-9717,,,,
SM-9719,,,,
SM-9725,,,,
SM-9729,,,,
SM-9730,,,,
SM-9732,,,,
SM-9734,,,,
SM-9735,,,,
SM-9737,,,,
SM-9738,,,,
SM-9740,,,,
SM-9747,,,,
SM-9754,,,,
SM-9755,,,,
SM-9762,,,,
SM-9764,,,,
SM-9765,,,,
SM-9767,,,,
SM-9768,,,,
SM-9769,,,,
SM-9770,,,,
SM-9774,,,,
SM-9776,,,,
SM-9780,,,,
SM-9783,,,,
SM-9784,,,,
SM-9785,,,,
SM-9786,,,,
SM-9787,,,,
SM-9789,,,,
SM-9793,,,,
SM-9794,,,,
SM-9805,,,,
SM-9808,,,,
SM-9810,,,,
SM-9811,,,,
SM-9812,,,,
SM-9813,,,,
SM-9816,,,,
SM-9819,,,,
SM-9820,,,,
SM-9821,,,,
SM-9822,,,,
SM-9828,,,,
SM-9831,,,,
SM-9837,,,,
SM-9838,,,,
SM-9839,,,,
SM-9844,,,,
SM-9846,,,,
SM-9847,,,,
SM-9848,,,,
SM-9850,,,,
SM-9851,,,,
SM-9852,,,,
SM-9866,,,,
SM-9871,,,,
SM-9872,,,,
SM-9876,,,,
SM-9877,,,,
SM-9878,,,,
SM-9882,,,,
SM-9883,,,,
SM-9886,,,,
SM-9887,,,,
SM-9889,,,,
SM-9890,,,,
SM-9891,,,,
SM-9892,,,,
SM-9893,,,,
SM-9894,,,,
SM-9898,,,,
SM-9899,,,,
SM-9901,,,,
SM-9950,,,,
SM-9953,,,,
SM-9954,,,,
SM-9956,,,,
SM-9958,,,,
SM-9960,,,,
SM-9973,,,,
SM-9981,,,,
SM-9983,,,,